attempt,benchmark_id,buyer_use_case,completed_at,credits_charged,error,fps,height,input_path,input_sha256,model,observed_terminal_seconds_upper_bound,public_path,run_id,scenario_id,sha256,status,submitted_at,width
1,mh-i2v-commercial-v1,Food and beverage advertisement,2026-09-10T01:57:20Z,384,,24,720,assets/inputs/coffee-steam.png,359b1af96bf683e57e1366c1c717a70d701628ce163d69e09b21f88c5793e142,kling-3.0,639.9,assets/outputs/coffee-steam/kling-3.0/attempt-01.mp4,coffee-steam--kling-3.0--01,coffee-steam,af898954635627f58b03654be0fa71cca8852b2262511d58059da3571dca4959,complete,2026-09-10T01:46:40Z,1276
2,mh-i2v-commercial-v1,Food and beverage advertisement,2026-09-10T01:57:20Z,384,,24,720,assets/inputs/coffee-steam.png,359b1af96bf683e57e1366c1c717a70d701628ce163d69e09b21f88c5793e142,kling-3.0,639.489,assets/outputs/coffee-steam/kling-3.0/attempt-02.mp4,coffee-steam--kling-3.0--02,coffee-steam,b53870451c70d20e4bf1de124488c8b7f5d22b10b55580fef41677ec5fc85580,complete,2026-09-10T01:46:41Z,1276
3,mh-i2v-commercial-v1,Food and beverage advertisement,2026-09-10T01:57:25Z,384,,24,720,assets/inputs/coffee-steam.png,359b1af96bf683e57e1366c1c717a70d701628ce163d69e09b21f88c5793e142,kling-3.0,643.041,assets/outputs/coffee-steam/kling-3.0/attempt-03.mp4,coffee-steam--kling-3.0--03,coffee-steam,a0aacd56ead0fb6613f6b5298b811184c8a64f834607c96e7f7016a92834470d,complete,2026-09-10T01:46:42Z,1276
1,mh-i2v-commercial-v1,Food and beverage advertisement,2026-09-10T01:58:46Z,384,,24,722,assets/inputs/coffee-steam.png,359b1af96bf683e57e1366c1c717a70d701628ce163d69e09b21f88c5793e142,ltx-2.5,710.316,assets/outputs/coffee-steam/ltx-2.5/attempt-01.mp4,coffee-steam--ltx-2.5--01,coffee-steam,c9cc0b7c0b90b5c8b535a927209048ddbdc9655a40428cfd6d5099ec3a3935c4,complete,2026-09-10T01:46:56Z,1278
2,mh-i2v-commercial-v1,Food and beverage advertisement,2026-09-10T01:58:46Z,384,,24,722,assets/inputs/coffee-steam.png,359b1af96bf683e57e1366c1c717a70d701628ce163d69e09b21f88c5793e142,ltx-2.5,709.874,assets/outputs/coffee-steam/ltx-2.5/attempt-02.mp4,coffee-steam--ltx-2.5--02,coffee-steam,fff8d2a68d119ea91f7dc05c83969136c138c2befadaef2e259669d594cf2e1d,complete,2026-09-10T01:46:57Z,1278
3,mh-i2v-commercial-v1,Food and beverage advertisement,2026-09-10T01:58:47Z,384,,24,722,assets/inputs/coffee-steam.png,359b1af96bf683e57e1366c1c717a70d701628ce163d69e09b21f88c5793e142,ltx-2.5,709.398,assets/outputs/coffee-steam/ltx-2.5/attempt-03.mp4,coffee-steam--ltx-2.5--03,coffee-steam,357241d043e9b18de8b707d034d793de239c75cfb47510536bf42336ef7b0cf2,complete,2026-09-10T01:46:58Z,1278
1,mh-i2v-commercial-v1,Food and beverage advertisement,2026-09-10T01:57:26Z,4608,,24,720,assets/inputs/coffee-steam.png,359b1af96bf683e57e1366c1c717a70d701628ce163d69e09b21f88c5793e142,seedance-2.5,642.724,assets/outputs/coffee-steam/seedance-2.5/attempt-01.mp4,coffee-steam--seedance-2.5--01,coffee-steam,e28f9fa93b8195583f7f1a393af9283dc4d0094c7237f358841a866c6f541374,complete,2026-09-10T01:46:43Z,1276
2,mh-i2v-commercial-v1,Food and beverage advertisement,2026-09-10T01:58:40Z,4608,,24,720,assets/inputs/coffee-steam.png,359b1af96bf683e57e1366c1c717a70d701628ce163d69e09b21f88c5793e142,seedance-2.5,715.975,assets/outputs/coffee-steam/seedance-2.5/attempt-02.mp4,coffee-steam--seedance-2.5--02,coffee-steam,8c7bc6f390edaf22299d4bbe19cadfee370100e37d9864aa39010f0a1ceb8889,complete,2026-09-10T01:46:45Z,1276
3,mh-i2v-commercial-v1,Food and beverage advertisement,2026-09-10T01:58:41Z,4608,,24,720,assets/inputs/coffee-steam.png,359b1af96bf683e57e1366c1c717a70d701628ce163d69e09b21f88c5793e142,seedance-2.5,715.811,assets/outputs/coffee-steam/seedance-2.5/attempt-03.mp4,coffee-steam--seedance-2.5--03,coffee-steam,a92508270e09f9220868452a8fe732040c16f05ae19ef7c58c512523c5cc0e9f,complete,2026-09-10T01:46:46Z,1276
1,mh-i2v-commercial-v1,Food and beverage advertisement,2026-09-10T01:58:44Z,960,,30,720,assets/inputs/coffee-steam.png,359b1af96bf683e57e1366c1c717a70d701628ce163d69e09b21f88c5793e142,sora-2,713.106,assets/outputs/coffee-steam/sora-2/attempt-01.mp4,coffee-steam--sora-2--01,coffee-steam,a1c5300836f33db01433c80f15cd279630fd3a5327915fb63d2327d809e76cd9,complete,2026-09-10T01:46:51Z,1280
2,mh-i2v-commercial-v1,Food and beverage advertisement,2026-09-10T01:58:44Z,960,,30,720,assets/inputs/coffee-steam.png,359b1af96bf683e57e1366c1c717a70d701628ce163d69e09b21f88c5793e142,sora-2,712.589,assets/outputs/coffee-steam/sora-2/attempt-02.mp4,coffee-steam--sora-2--02,coffee-steam,299b68c2b8966499bb7afbedf473fcd3d975c0a9223e3ef57a28436e6cc03adf,complete,2026-09-10T01:46:53Z,1280
3,mh-i2v-commercial-v1,Food and beverage advertisement,2026-09-10T01:58:45Z,960,,30,720,assets/inputs/coffee-steam.png,359b1af96bf683e57e1366c1c717a70d701628ce163d69e09b21f88c5793e142,sora-2,711.757,assets/outputs/coffee-steam/sora-2/attempt-03.mp4,coffee-steam--sora-2--03,coffee-steam,e25c0d6268256d03cddbaa3be4e7171e0b6d688e9447fd2e3be53aa627733cc9,complete,2026-09-10T01:46:55Z,1280
1,mh-i2v-commercial-v1,Food and beverage advertisement,2026-09-10T01:58:41Z,768,,24,720,assets/inputs/coffee-steam.png,359b1af96bf683e57e1366c1c717a70d701628ce163d69e09b21f88c5793e142,veo3.1,715.385,assets/outputs/coffee-steam/veo3.1/attempt-01.mp4,coffee-steam--veo3.1--01,coffee-steam,374735c2d6fe4706a3489009b44a4e7ed5df98b952ec51eaf54951cab84da75d,complete,2026-09-10T01:46:47Z,1280
2,mh-i2v-commercial-v1,Food and beverage advertisement,2026-09-10T01:58:42Z,768,,24,720,assets/inputs/coffee-steam.png,359b1af96bf683e57e1366c1c717a70d701628ce163d69e09b21f88c5793e142,veo3.1,714.785,assets/outputs/coffee-steam/veo3.1/attempt-02.mp4,coffee-steam--veo3.1--02,coffee-steam,8a194f439d47e37534f984cf0d3fc847fde8257ca1c15750d35690b0e1618c6b,complete,2026-09-10T01:46:49Z,1280
3,mh-i2v-commercial-v1,Food and beverage advertisement,2026-09-10T01:58:43Z,768,,24,720,assets/inputs/coffee-steam.png,359b1af96bf683e57e1366c1c717a70d701628ce163d69e09b21f88c5793e142,veo3.1,713.662,assets/outputs/coffee-steam/veo3.1/attempt-03.mp4,coffee-steam--veo3.1--03,coffee-steam,49000e66174677bdc6209c5465f44fefa76a516bb27de8f633a156fdc8779827,complete,2026-09-10T01:46:50Z,1280
1,mh-i2v-commercial-v1,Architecture and real-estate visualization,2026-09-10T01:58:47Z,384,,24,720,assets/inputs/interior-dolly.png,5852e24beebbf15d0810b31dd11469dc8b0169f34a3f1ef001a9f32195d18dfd,kling-3.0,708.797,assets/outputs/interior-dolly/kling-3.0/attempt-01.mp4,interior-dolly--kling-3.0--01,interior-dolly,327eb4c8acd346555c5c44719ffc093e7992f98f250c41d6cc11a27630c9271f,complete,2026-09-10T01:46:59Z,1276
2,mh-i2v-commercial-v1,Architecture and real-estate visualization,2026-09-10T01:58:48Z,384,,24,720,assets/inputs/interior-dolly.png,5852e24beebbf15d0810b31dd11469dc8b0169f34a3f1ef001a9f32195d18dfd,kling-3.0,708.421,assets/outputs/interior-dolly/kling-3.0/attempt-02.mp4,interior-dolly--kling-3.0--02,interior-dolly,43ebfcddb39515fedf35e6d18d3592dafb69e6c1c79a77cb594ecd0d720afa8d,complete,2026-09-10T01:47:01Z,1276
3,mh-i2v-commercial-v1,Architecture and real-estate visualization,2026-09-10T01:58:49Z,384,,24,720,assets/inputs/interior-dolly.png,5852e24beebbf15d0810b31dd11469dc8b0169f34a3f1ef001a9f32195d18dfd,kling-3.0,707.667,assets/outputs/interior-dolly/kling-3.0/attempt-03.mp4,interior-dolly--kling-3.0--03,interior-dolly,c548d6d6668d2fd31b4c7393da7099b77ce1c5efdc0866fdfdac2e25e80c180e,complete,2026-09-10T01:47:02Z,1276
1,mh-i2v-commercial-v1,Architecture and real-estate visualization,2026-09-10T02:02:12Z,384,,24,722,assets/inputs/interior-dolly.png,5852e24beebbf15d0810b31dd11469dc8b0169f34a3f1ef001a9f32195d18dfd,ltx-2.5,660.96,assets/outputs/interior-dolly/ltx-2.5/attempt-01.mp4,interior-dolly--ltx-2.5--01,interior-dolly,a13db240aa819b1a1cf123a7adaf1eb9cc929023d78a092a94169d3bf3db534e,complete,2026-09-10T01:51:13Z,1278
2,mh-i2v-commercial-v1,Architecture and real-estate visualization,2026-09-10T02:02:13Z,384,,24,722,assets/inputs/interior-dolly.png,5852e24beebbf15d0810b31dd11469dc8b0169f34a3f1ef001a9f32195d18dfd,ltx-2.5,659.588,assets/outputs/interior-dolly/ltx-2.5/attempt-02.mp4,interior-dolly--ltx-2.5--02,interior-dolly,e091287606313320e99b921586c85ff03f9caf1363176ba6b1a7fc4f13497501,complete,2026-09-10T01:51:14Z,1278
3,mh-i2v-commercial-v1,Architecture and real-estate visualization,2026-09-10T02:02:13Z,384,,24,722,assets/inputs/interior-dolly.png,5852e24beebbf15d0810b31dd11469dc8b0169f34a3f1ef001a9f32195d18dfd,ltx-2.5,658.977,assets/outputs/interior-dolly/ltx-2.5/attempt-03.mp4,interior-dolly--ltx-2.5--03,interior-dolly,c4c30db166f48c19a30c1c94ecf27cdffea82878521b544b33f119151a613d07,complete,2026-09-10T01:51:15Z,1278
1,mh-i2v-commercial-v1,Architecture and real-estate visualization,2026-09-10T01:58:50Z,4608,,24,720,assets/inputs/interior-dolly.png,5852e24beebbf15d0810b31dd11469dc8b0169f34a3f1ef001a9f32195d18dfd,seedance-2.5,707.306,assets/outputs/interior-dolly/seedance-2.5/attempt-01.mp4,interior-dolly--seedance-2.5--01,interior-dolly,e3d499b987f235a2d24415d6bbe0e7788755afb8620143db266d3ec4e6600bb3,complete,2026-09-10T01:47:03Z,1276
2,mh-i2v-commercial-v1,Architecture and real-estate visualization,2026-09-10T02:02:07Z,4608,,24,720,assets/inputs/interior-dolly.png,5852e24beebbf15d0810b31dd11469dc8b0169f34a3f1ef001a9f32195d18dfd,seedance-2.5,903.725,assets/outputs/interior-dolly/seedance-2.5/attempt-02.mp4,interior-dolly--seedance-2.5--02,interior-dolly,e9402e0b46242ab2abde400e4ab33f466f9265f88589825869cb6085ef958825,complete,2026-09-10T01:47:04Z,1276
3,mh-i2v-commercial-v1,Architecture and real-estate visualization,2026-09-10T02:02:08Z,4608,,24,720,assets/inputs/interior-dolly.png,5852e24beebbf15d0810b31dd11469dc8b0169f34a3f1ef001a9f32195d18dfd,seedance-2.5,903.304,assets/outputs/interior-dolly/seedance-2.5/attempt-03.mp4,interior-dolly--seedance-2.5--03,interior-dolly,79ed36ac6b4f33d232ee90a05e5a97599f17a4de17441f1bf48ae2a7409900af,complete,2026-09-10T01:47:07Z,1276
1,mh-i2v-commercial-v1,Architecture and real-estate visualization,2026-09-10T02:02:10Z,960,,30,720,assets/inputs/interior-dolly.png,5852e24beebbf15d0810b31dd11469dc8b0169f34a3f1ef001a9f32195d18dfd,sora-2,663.165,assets/outputs/interior-dolly/sora-2/attempt-01.mp4,interior-dolly--sora-2--01,interior-dolly,0a040f916b8a9fd4b44985a02cb771d67bf67ab2a35f20483ed22c0e70051466,complete,2026-09-10T01:51:09Z,1280
2,mh-i2v-commercial-v1,Architecture and real-estate visualization,2026-09-10T02:02:11Z,960,,30,720,assets/inputs/interior-dolly.png,5852e24beebbf15d0810b31dd11469dc8b0169f34a3f1ef001a9f32195d18dfd,sora-2,661.909,assets/outputs/interior-dolly/sora-2/attempt-02.mp4,interior-dolly--sora-2--02,interior-dolly,59aabf2dfa956af9efe659f902418cf1101df88970c8588b9504911bbc637d1f,complete,2026-09-10T01:51:10Z,1280
3,mh-i2v-commercial-v1,Architecture and real-estate visualization,2026-09-10T02:02:11Z,960,,30,720,assets/inputs/interior-dolly.png,5852e24beebbf15d0810b31dd11469dc8b0169f34a3f1ef001a9f32195d18dfd,sora-2,661.279,assets/outputs/interior-dolly/sora-2/attempt-03.mp4,interior-dolly--sora-2--03,interior-dolly,7596f684ddd19a4ce9b0578dfe36e1be4b90a9632bdfd4cd026058cba0a38e23,complete,2026-09-10T01:51:11Z,1280
1,mh-i2v-commercial-v1,Architecture and real-estate visualization,2026-09-10T02:02:09Z,768,,24,720,assets/inputs/interior-dolly.png,5852e24beebbf15d0810b31dd11469dc8b0169f34a3f1ef001a9f32195d18dfd,veo3.1,901.203,assets/outputs/interior-dolly/veo3.1/attempt-01.mp4,interior-dolly--veo3.1--01,interior-dolly,a44e4cecaf7cf317d73eebf918b044f9e0669e77f77653d162fe3fda2d8be6a1,complete,2026-09-10T01:47:08Z,1280
2,mh-i2v-commercial-v1,Architecture and real-estate visualization,2026-09-10T02:02:09Z,768,,24,720,assets/inputs/interior-dolly.png,5852e24beebbf15d0810b31dd11469dc8b0169f34a3f1ef001a9f32195d18dfd,veo3.1,665.38,assets/outputs/interior-dolly/veo3.1/attempt-02.mp4,interior-dolly--veo3.1--02,interior-dolly,983c5a73dc1806650f4210071019f610f821e41bff389ded715ba1176641814c,complete,2026-09-10T01:51:06Z,1280
3,mh-i2v-commercial-v1,Architecture and real-estate visualization,2026-09-10T02:02:10Z,768,,24,720,assets/inputs/interior-dolly.png,5852e24beebbf15d0810b31dd11469dc8b0169f34a3f1ef001a9f32195d18dfd,veo3.1,663.584,assets/outputs/interior-dolly/veo3.1/attempt-03.mp4,interior-dolly--veo3.1--03,interior-dolly,4da22645d4095ee0c4c6183bd647a66113a8f31c834f8893858b66dc153258e3,complete,2026-09-10T01:51:07Z,1280
1,mh-i2v-commercial-v1,Paid social product hero,2026-09-10T01:51:16Z,384,,24,720,assets/inputs/skincare-orbit.png,ca75bc2b4a69a98aa2b43db60fae4dcb34fb9635d7076b0bbfbd3cef6f951149,kling-3.0,335.641,assets/outputs/skincare-orbit/kling-3.0/attempt-01.mp4,skincare-orbit--kling-3.0--01,skincare-orbit,cc01b2592ec29cbc87bef28770cb09973c50d83ab1757b56f4b62d67dbd49c7f,complete,2026-09-10T01:45:41Z,1276
2,mh-i2v-commercial-v1,Paid social product hero,2026-09-10T01:51:16Z,384,,24,720,assets/inputs/skincare-orbit.png,ca75bc2b4a69a98aa2b43db60fae4dcb34fb9635d7076b0bbfbd3cef6f951149,kling-3.0,335.108,assets/outputs/skincare-orbit/kling-3.0/attempt-02.mp4,skincare-orbit--kling-3.0--02,skincare-orbit,01ed9b7e8258683d1e1bd26fd9868ef57cbfa7dbb383e553b20ea93fb8df9563,complete,2026-09-10T01:45:42Z,1276
3,mh-i2v-commercial-v1,Paid social product hero,2026-09-10T01:51:17Z,384,,24,720,assets/inputs/skincare-orbit.png,ca75bc2b4a69a98aa2b43db60fae4dcb34fb9635d7076b0bbfbd3cef6f951149,kling-3.0,334.387,assets/outputs/skincare-orbit/kling-3.0/attempt-03.mp4,skincare-orbit--kling-3.0--03,skincare-orbit,0b421ef0cf9ab6a4354095b8451b5a3cb80e0e35bc3136ca1b921fc40c1fa231,complete,2026-09-10T01:45:43Z,1276
1,mh-i2v-commercial-v1,Paid social product hero,2026-09-10T01:53:46Z,384,,24,722,assets/inputs/skincare-orbit.png,ca75bc2b4a69a98aa2b43db60fae4dcb34fb9635d7076b0bbfbd3cef6f951149,ltx-2.5,453.078,assets/outputs/skincare-orbit/ltx-2.5/attempt-01.mp4,skincare-orbit--ltx-2.5--01,skincare-orbit,a31e06b914aa8c0bf482e75bb901773e20076ef4f0ca53945c253817041f4702,complete,2026-09-10T01:46:14Z,1278
2,mh-i2v-commercial-v1,Paid social product hero,2026-09-10T01:53:47Z,384,,24,722,assets/inputs/skincare-orbit.png,ca75bc2b4a69a98aa2b43db60fae4dcb34fb9635d7076b0bbfbd3cef6f951149,ltx-2.5,452.484,assets/outputs/skincare-orbit/ltx-2.5/attempt-02.mp4,skincare-orbit--ltx-2.5--02,skincare-orbit,7cf54149415831829fc176f311f646b32a03cf3b7e9a764d7b5b77c00a8b69f3,complete,2026-09-10T01:46:15Z,1278
3,mh-i2v-commercial-v1,Paid social product hero,2026-09-10T01:53:48Z,384,,24,722,assets/inputs/skincare-orbit.png,ca75bc2b4a69a98aa2b43db60fae4dcb34fb9635d7076b0bbfbd3cef6f951149,ltx-2.5,452.307,assets/outputs/skincare-orbit/ltx-2.5/attempt-03.mp4,skincare-orbit--ltx-2.5--03,skincare-orbit,c73d7dc623755e608389d17a97199b2724004e381c28fe799ad5e1021f98a432,complete,2026-09-10T01:46:16Z,1278
1,mh-i2v-commercial-v1,Paid social product hero,2026-09-10T02:04:37Z,0,"{'code': 'nsfw', 'message': 'It appears your content may violate our guidelines due to sensitive, explicit, or copyrighted material. Please review your submission, make the necessary changes, and try again.'}",24,-1,assets/inputs/skincare-orbit.png,ca75bc2b4a69a98aa2b43db60fae4dcb34fb9635d7076b0bbfbd3cef6f951149,seedance-2.5,1132.683,,skincare-orbit--seedance-2.5--01,skincare-orbit,,error,2026-09-10T01:45:45Z,-1
2,mh-i2v-commercial-v1,Paid social product hero,2026-09-10T01:53:41Z,4608,,24,720,assets/inputs/skincare-orbit.png,ca75bc2b4a69a98aa2b43db60fae4dcb34fb9635d7076b0bbfbd3cef6f951149,seedance-2.5,475.837,assets/outputs/skincare-orbit/seedance-2.5/attempt-02.mp4,skincare-orbit--seedance-2.5--02,skincare-orbit,8ab9898a846fbe6c703f91bdd9a85913fa4c850ff1b3236e8543628fc314784a,complete,2026-09-10T01:45:57Z,1276
3,mh-i2v-commercial-v1,Paid social product hero,2026-09-10T01:53:42Z,4608,,24,720,assets/inputs/skincare-orbit.png,ca75bc2b4a69a98aa2b43db60fae4dcb34fb9635d7076b0bbfbd3cef6f951149,seedance-2.5,464.25,assets/outputs/skincare-orbit/seedance-2.5/attempt-03.mp4,skincare-orbit--seedance-2.5--03,skincare-orbit,07e7f823b808a23be757e6f627458b35107c7ac9c8273840b7790016414a7a2c,complete,2026-09-10T01:45:59Z,1276
1,mh-i2v-commercial-v1,Paid social product hero,2026-09-10T01:53:44Z,960,,30,720,assets/inputs/skincare-orbit.png,ca75bc2b4a69a98aa2b43db60fae4dcb34fb9635d7076b0bbfbd3cef6f951149,sora-2,457.003,assets/outputs/skincare-orbit/sora-2/attempt-01.mp4,skincare-orbit--sora-2--01,skincare-orbit,53c5be4f9a4a5c4144c23ebcc5600eeb46e3ea86ae0b443b5606b7c47d354790,complete,2026-09-10T01:46:08Z,1280
2,mh-i2v-commercial-v1,Paid social product hero,2026-09-10T01:53:45Z,960,,30,720,assets/inputs/skincare-orbit.png,ca75bc2b4a69a98aa2b43db60fae4dcb34fb9635d7076b0bbfbd3cef6f951149,sora-2,456.652,assets/outputs/skincare-orbit/sora-2/attempt-02.mp4,skincare-orbit--sora-2--02,skincare-orbit,180d73ace4b6af0854155833fd2d8cdf004c6e72774fbe461a59a8bd2ad49c67,complete,2026-09-10T01:46:11Z,1280
3,mh-i2v-commercial-v1,Paid social product hero,2026-09-10T01:53:45Z,960,,30,720,assets/inputs/skincare-orbit.png,ca75bc2b4a69a98aa2b43db60fae4dcb34fb9635d7076b0bbfbd3cef6f951149,sora-2,453.888,assets/outputs/skincare-orbit/sora-2/attempt-03.mp4,skincare-orbit--sora-2--03,skincare-orbit,80938db0aa98f2c9ee0d249a13e8e2c974f45f74f0c6fb7cfe70512f3aa9d482,complete,2026-09-10T01:46:12Z,1280
1,mh-i2v-commercial-v1,Paid social product hero,2026-09-10T01:53:42Z,768,,24,720,assets/inputs/skincare-orbit.png,ca75bc2b4a69a98aa2b43db60fae4dcb34fb9635d7076b0bbfbd3cef6f951149,veo3.1,463.266,assets/outputs/skincare-orbit/veo3.1/attempt-01.mp4,skincare-orbit--veo3.1--01,skincare-orbit,d511d22e4988629a367195f6875478dd1c05854f0f4516b68db1e2e12c29e861,complete,2026-09-10T01:46:04Z,1280
2,mh-i2v-commercial-v1,Paid social product hero,2026-09-10T01:53:43Z,768,,24,720,assets/inputs/skincare-orbit.png,ca75bc2b4a69a98aa2b43db60fae4dcb34fb9635d7076b0bbfbd3cef6f951149,veo3.1,458.226,assets/outputs/skincare-orbit/veo3.1/attempt-02.mp4,skincare-orbit--veo3.1--02,skincare-orbit,0ad81c86e58abce2bc01efef5bdadb9138acaf6b6a4bf27e327d5093f5916efd,complete,2026-09-10T01:46:05Z,1280
3,mh-i2v-commercial-v1,Paid social product hero,2026-09-10T01:53:44Z,768,,24,720,assets/inputs/skincare-orbit.png,ca75bc2b4a69a98aa2b43db60fae4dcb34fb9635d7076b0bbfbd3cef6f951149,veo3.1,457.592,assets/outputs/skincare-orbit/veo3.1/attempt-03.mp4,skincare-orbit--veo3.1--03,skincare-orbit,0f440087eeb104255276d300585da589c658ccf0fb4bd0e6357df674e86106cb,complete,2026-09-10T01:46:07Z,1280
1,mh-i2v-commercial-v1,Fashion launch creative,2026-09-10T01:53:48Z,384,,24,720,assets/inputs/sneaker-reveal.png,ea06ca1874d76981b4ff5d0d206c86e5c65b9bdf63cfac92f54976007682f7a8,kling-3.0,451.764,assets/outputs/sneaker-reveal/kling-3.0/attempt-01.mp4,sneaker-reveal--kling-3.0--01,sneaker-reveal,8d42ce514478d87a9ef65bd6021741a5ddd7dca9de165b5a65a9c49ea2c3f722,complete,2026-09-10T01:46:17Z,1276
2,mh-i2v-commercial-v1,Fashion launch creative,2026-09-10T01:53:59Z,384,,24,720,assets/inputs/sneaker-reveal.png,ea06ca1874d76981b4ff5d0d206c86e5c65b9bdf63cfac92f54976007682f7a8,kling-3.0,461.336,assets/outputs/sneaker-reveal/kling-3.0/attempt-02.mp4,sneaker-reveal--kling-3.0--02,sneaker-reveal,d363c2dabd4b9565694d424f89b8d1f4b9e0f058180bad816b0c9069fd870b6b,complete,2026-09-10T01:46:18Z,1276
3,mh-i2v-commercial-v1,Fashion launch creative,2026-09-10T01:54:00Z,384,,24,720,assets/inputs/sneaker-reveal.png,ea06ca1874d76981b4ff5d0d206c86e5c65b9bdf63cfac92f54976007682f7a8,kling-3.0,460.966,assets/outputs/sneaker-reveal/kling-3.0/attempt-03.mp4,sneaker-reveal--kling-3.0--03,sneaker-reveal,57ee7a7dfee418cbb5c990f22228ecfcf96b0e4a656bc3032122df2a017f241c,complete,2026-09-10T01:46:19Z,1276
1,mh-i2v-commercial-v1,Fashion launch creative,2026-09-10T01:57:16Z,384,,24,722,assets/inputs/sneaker-reveal.png,ea06ca1874d76981b4ff5d0d206c86e5c65b9bdf63cfac92f54976007682f7a8,ltx-2.5,640.931,assets/outputs/sneaker-reveal/ltx-2.5/attempt-01.mp4,sneaker-reveal--ltx-2.5--01,sneaker-reveal,fdd1e5aba2690d567ea0bc4b6d25cd1c0ad2cace7e4dc5e6240dfd2cc2ed3f8c,complete,2026-09-10T01:46:36Z,1278
2,mh-i2v-commercial-v1,Fashion launch creative,2026-09-10T01:57:17Z,384,,24,722,assets/inputs/sneaker-reveal.png,ea06ca1874d76981b4ff5d0d206c86e5c65b9bdf63cfac92f54976007682f7a8,ltx-2.5,640.42,assets/outputs/sneaker-reveal/ltx-2.5/attempt-02.mp4,sneaker-reveal--ltx-2.5--02,sneaker-reveal,fae05f39d4ccb0292ad6ab13095a92fc0095eeba76824f6c453aabfb51234eb6,complete,2026-09-10T01:46:38Z,1278
3,mh-i2v-commercial-v1,Fashion launch creative,2026-09-10T01:57:19Z,384,,24,722,assets/inputs/sneaker-reveal.png,ea06ca1874d76981b4ff5d0d206c86e5c65b9bdf63cfac92f54976007682f7a8,ltx-2.5,640.413,assets/outputs/sneaker-reveal/ltx-2.5/attempt-03.mp4,sneaker-reveal--ltx-2.5--03,sneaker-reveal,2e69e5125ce80671a30eb9ffbe3a7c4b75cc553ba0f6ab280a47916a3e1737c7,complete,2026-09-10T01:46:39Z,1278
1,mh-i2v-commercial-v1,Fashion launch creative,2026-09-10T02:04:37Z,0,"{'code': 'nsfw', 'message': 'It appears your content may violate our guidelines due to sensitive, explicit, or copyrighted material. Please review your submission, make the necessary changes, and try again.'}",24,-1,assets/inputs/sneaker-reveal.png,ea06ca1874d76981b4ff5d0d206c86e5c65b9bdf63cfac92f54976007682f7a8,seedance-2.5,1096.93,,sneaker-reveal--seedance-2.5--01,sneaker-reveal,,error,2026-09-10T01:46:25Z,-1
2,mh-i2v-commercial-v1,Fashion launch creative,2026-09-10T01:56:28Z,4608,,24,720,assets/inputs/sneaker-reveal.png,ea06ca1874d76981b4ff5d0d206c86e5c65b9bdf63cfac92f54976007682f7a8,seedance-2.5,602.817,assets/outputs/sneaker-reveal/seedance-2.5/attempt-02.mp4,sneaker-reveal--seedance-2.5--02,sneaker-reveal,cd73c2fdc52db43bcd218b2d684a87ceb831381a30a01914ed60509003c0c920,complete,2026-09-10T01:46:26Z,1276
3,mh-i2v-commercial-v1,Fashion launch creative,2026-09-10T01:56:43Z,4608,,24,720,assets/inputs/sneaker-reveal.png,ea06ca1874d76981b4ff5d0d206c86e5c65b9bdf63cfac92f54976007682f7a8,seedance-2.5,616.635,assets/outputs/sneaker-reveal/seedance-2.5/attempt-03.mp4,sneaker-reveal--seedance-2.5--03,sneaker-reveal,539fc401d29f958139f0f6a8aafb209b4d164482e2a7bc5f9487a7f3648167a0,complete,2026-09-10T01:46:27Z,1276
1,mh-i2v-commercial-v1,Fashion launch creative,2026-09-10T01:56:57Z,960,,30,720,assets/inputs/sneaker-reveal.png,ea06ca1874d76981b4ff5d0d206c86e5c65b9bdf63cfac92f54976007682f7a8,sora-2,624.875,assets/outputs/sneaker-reveal/sora-2/attempt-01.mp4,sneaker-reveal--sora-2--01,sneaker-reveal,8c548882827d2cce70b6e38503fa1c45d012736f73af71c5cb5951fc4b245ca9,complete,2026-09-10T01:46:32Z,1280
2,mh-i2v-commercial-v1,Fashion launch creative,2026-09-10T01:56:57Z,960,,30,720,assets/inputs/sneaker-reveal.png,ea06ca1874d76981b4ff5d0d206c86e5c65b9bdf63cfac92f54976007682f7a8,sora-2,624.457,assets/outputs/sneaker-reveal/sora-2/attempt-02.mp4,sneaker-reveal--sora-2--02,sneaker-reveal,4b86e1cb60d455d0fd2ced129112a069f5914914e24c8558f7702edbdd757495,complete,2026-09-10T01:46:33Z,1280
3,mh-i2v-commercial-v1,Fashion launch creative,2026-09-10T01:57:15Z,960,,30,720,assets/inputs/sneaker-reveal.png,ea06ca1874d76981b4ff5d0d206c86e5c65b9bdf63cfac92f54976007682f7a8,sora-2,641.318,assets/outputs/sneaker-reveal/sora-2/attempt-03.mp4,sneaker-reveal--sora-2--03,sneaker-reveal,22bd920315d59c2ef14d77c9fa82569bca7e7f673dd51197f65d51fadfa7a86e,complete,2026-09-10T01:46:35Z,1280
1,mh-i2v-commercial-v1,Fashion launch creative,2026-09-10T01:56:44Z,768,,24,720,assets/inputs/sneaker-reveal.png,ea06ca1874d76981b4ff5d0d206c86e5c65b9bdf63cfac92f54976007682f7a8,veo3.1,616.377,assets/outputs/sneaker-reveal/veo3.1/attempt-01.mp4,sneaker-reveal--veo3.1--01,sneaker-reveal,c395bb388ec0bed54dfc452ea95a5b17bff8fd34479a90ef903a6e03d867853d,complete,2026-09-10T01:46:28Z,1280
2,mh-i2v-commercial-v1,Fashion launch creative,2026-09-10T01:56:45Z,768,,24,720,assets/inputs/sneaker-reveal.png,ea06ca1874d76981b4ff5d0d206c86e5c65b9bdf63cfac92f54976007682f7a8,veo3.1,615.707,assets/outputs/sneaker-reveal/veo3.1/attempt-02.mp4,sneaker-reveal--veo3.1--02,sneaker-reveal,a0d72bda000f3749f4c6461724fa8c8040b73bb4c9ec4a15f152cc1247eb7ec6,complete,2026-09-10T01:46:30Z,1280
3,mh-i2v-commercial-v1,Fashion launch creative,2026-09-10T01:56:45Z,768,,24,720,assets/inputs/sneaker-reveal.png,ea06ca1874d76981b4ff5d0d206c86e5c65b9bdf63cfac92f54976007682f7a8,veo3.1,614.385,assets/outputs/sneaker-reveal/veo3.1/attempt-03.mp4,sneaker-reveal--veo3.1--03,sneaker-reveal,c14ae7aa44ca0670128a7fb3271148bf6cf426ba8478a4ecce73fb256df7c814,complete,2026-09-10T01:46:31Z,1280
